-- phpMyAdmin SQL Dump
-- version 4.9.2
-- https://www.phpmyadmin.net/
--
-- Host: 127.0.0.1
-- Waktu pembuatan: 14 Okt 2020 pada 10.50
-- Versi server: 10.4.11-MariaDB
-- Versi PHP: 7.4.1

SET SQL_MODE = "NO_AUTO_VALUE_ON_ZERO";
SET AUTOCOMMIT = 0;
START TRANSACTION;
SET time_zone = "+00:00";


/*!40101 SET @OLD_CHARACTER_SET_CLIENT=@@CHARACTER_SET_CLIENT */;
/*!40101 SET @OLD_CHARACTER_SET_RESULTS=@@CHARACTER_SET_RESULTS */;
/*!40101 SET @OLD_COLLATION_CONNECTION=@@COLLATION_CONNECTION */;
/*!40101 SET NAMES utf8mb4 */;

--
-- Database: `sayur`
--

-- --------------------------------------------------------

--
-- Struktur dari tabel `ci_sessions`
--

CREATE TABLE `ci_sessions` (
  `id` varchar(128) NOT NULL,
  `ip_address` varchar(45) NOT NULL,
  `timestamp` int(10) UNSIGNED NOT NULL DEFAULT 0,
  `data` blob NOT NULL
) ENGINE=InnoDB DEFAULT CHARSET=utf8mb4;

--
-- Dumping data untuk tabel `ci_sessions`
--

INSERT INTO `ci_sessions` (`id`, `ip_address`, `timestamp`, `data`) VALUES
('8jtrdnrkfghk1ddli0i90d4nsudeqaau', '::1', 1602384358, 0x5f5f63695f6c6173745f726567656e65726174657c693a313630323338343334383b),
('g3kkm35ntichu79v390n1olnnsplj3sa', '::1', 1602384429, 0x5f5f63695f6c6173745f726567656e65726174657c693a313630323338343432393b),
('npia0qe33c2nndvbq2afp01l9iq2o3kn', '::1', 1602384750, 0x5f5f63695f6c6173745f726567656e65726174657c693a313630323338343735303b),
('2iop10h4jub41a4coapheoab9rg2bu48', '::1', 1602385388, 0x5f5f63695f6c6173745f726567656e65726174657c693a313630323338353338383b),
('gu9hqncslri1u9bo9rme15fg98670dna', '::1', 1602385405, 0x5f5f63695f6c6173745f726567656e65726174657c693a313630323338353338383b),
('i92b83jne62qhv5d8bega70tga6uiest', '::1', 1602472433, 0x5f5f63695f6c6173745f726567656e65726174657c693a313630323437323433303b),
('21vjq7tk7ks266a6o4vqf4gk04u8auq8', '::1', 1602473212, 0x5f5f63695f6c6173745f726567656e65726174657c693a313630323437333231323b7265646972656374696f6e7c733a36383a226148523063446f764c327876593246736147397a64433930623274764c584e68655856794c326c755a4756344c6e426f6343397a614739774c324e6f5a574e7262335630223b5f5f4143544956455f53455353494f4e5f444154417c733a3235363a223135393438613464313731323332663438356335396639666433393239393734663038346638376436333531643230613364633834636163373132616665383065313339353437313035613037343930636662333335366636346263343831643361383961326361653166343864666337663965343339316130336436663765356d746178395565364751314e6f754272374869677041353238384f4a4b574b506a4446644459376b6e4364746b79744c44552b4968724252334a585066664479516834462f6d5a6d473357484e6778574b744d46495245436f64556e6961535466444837434e6559414b784d7a625a50327a487936796a646e4b6541517173223b6f726465725f666c6173687c733a32363a224f7264657220626572686173696c20646974616d6261686b616e223b5f5f63695f766172737c613a313a7b733a31313a226f726465725f666c617368223b733a333a226f6c64223b7d),
('bm9upe2p90naafvnu1i3aoohj1aolgid', '::1', 1602474992, 0x5f5f63695f6c6173745f726567656e65726174657c693a313630323437343939323b7265646972656374696f6e7c733a36383a226148523063446f764c327876593246736147397a64433930623274764c584e68655856794c326c755a4756344c6e426f6343397a614739774c324e6f5a574e7262335630223b5f5f4143544956455f53455353494f4e5f444154417c733a3235363a223135393438613464313731323332663438356335396639666433393239393734663038346638376436333531643230613364633834636163373132616665383065313339353437313035613037343930636662333335366636346263343831643361383961326361653166343864666337663965343339316130336436663765356d746178395565364751314e6f754272374869677041353238384f4a4b574b506a4446644459376b6e4364746b79744c44552b4968724252334a585066664479516834462f6d5a6d473357484e6778574b744d46495245436f64556e6961535466444837434e6559414b784d7a625a50327a487936796a646e4b6541517173223b),
('8kqq9j8j2n62efi873e7sogghojjgk9b', '::1', 1602476413, 0x5f5f63695f6c6173745f726567656e65726174657c693a313630323437363431333b7265646972656374696f6e7c733a36383a226148523063446f764c327876593246736147397a64433930623274764c584e68655856794c326c755a4756344c6e426f6343397a614739774c324e6f5a574e7262335630223b5f5f4143544956455f53455353494f4e5f444154417c733a3235363a223135393438613464313731323332663438356335396639666433393239393734663038346638376436333531643230613364633834636163373132616665383065313339353437313035613037343930636662333335366636346263343831643361383961326361653166343864666337663965343339316130336436663765356d746178395565364751314e6f754272374869677041353238384f4a4b574b506a4446644459376b6e4364746b79744c44552b4968724252334a585066664479516834462f6d5a6d473357484e6778574b744d46495245436f64556e6961535466444837434e6559414b784d7a625a50327a487936796a646e4b6541517173223b),
('9g73mk06msigi371ps75buvn78s3h97l', '::1', 1602476740, 0x5f5f63695f6c6173745f726567656e65726174657c693a313630323437363734303b7265646972656374696f6e7c733a36383a226148523063446f764c327876593246736147397a64433930623274764c584e68655856794c326c755a4756344c6e426f6343397a614739774c324e6f5a574e7262335630223b5f5f4143544956455f53455353494f4e5f444154417c733a3235363a223135393438613464313731323332663438356335396639666433393239393734663038346638376436333531643230613364633834636163373132616665383065313339353437313035613037343930636662333335366636346263343831643361383961326361653166343864666337663965343339316130336436663765356d746178395565364751314e6f754272374869677041353238384f4a4b574b506a4446644459376b6e4364746b79744c44552b4968724252334a585066664479516834462f6d5a6d473357484e6778574b744d46495245436f64556e6961535466444837434e6559414b784d7a625a50327a487936796a646e4b6541517173223b),
('tdk0n7vh488ng8pgu94su7ebgimluq5j', '::1', 1602476630, 0x5f5f63695f6c6173745f726567656e65726174657c693a313630323437363537353b),
('lurcej7pc0ma430ofo8q0m2o5qq89g3q', '::1', 1602477266, 0x5f5f63695f6c6173745f726567656e65726174657c693a313630323437373236363b7265646972656374696f6e7c733a36383a226148523063446f764c327876593246736147397a64433930623274764c584e68655856794c326c755a4756344c6e426f6343397a614739774c324e6f5a574e7262335630223b5f5f4143544956455f53455353494f4e5f444154417c733a3235363a223135393438613464313731323332663438356335396639666433393239393734663038346638376436333531643230613364633834636163373132616665383065313339353437313035613037343930636662333335366636346263343831643361383961326361653166343864666337663965343339316130336436663765356d746178395565364751314e6f754272374869677041353238384f4a4b574b506a4446644459376b6e4364746b79744c44552b4968724252334a585066664479516834462f6d5a6d473357484e6778574b744d46495245436f64556e6961535466444837434e6559414b784d7a625a50327a487936796a646e4b6541517173223b),
('6mljs00h4358pk28h4j0ctipp323e3dv', '::1', 1602477669, 0x5f5f63695f6c6173745f726567656e65726174657c693a313630323437373636393b7265646972656374696f6e7c733a36343a226148523063446f764c327876593246736147397a6443396c4c5842686332467959326c735a58567565576b766157356b5a586775634768774c32466b62576c75223b5f5f4143544956455f53455353494f4e5f444154417c733a3235363a223135393438613464313731323332663438356335396639666433393239393734663038346638376436333531643230613364633834636163373132616665383065313339353437313035613037343930636662333335366636346263343831643361383961326361653166343864666337663965343339316130336436663765356d746178395565364751314e6f754272374869677041353238384f4a4b574b506a4446644459376b6e4364746b79744c44552b4968724252334a585066664479516834462f6d5a6d473357484e6778574b744d46495245436f64556e6961535466444837434e6559414b784d7a625a50327a487936796a646e4b6541517173223b),
('ut8h73eedemhl2hr1j4igo7rmvo6rdpq', '::1', 1602478452, 0x5f5f63695f6c6173745f726567656e65726174657c693a313630323437383435323b5f5f4143544956455f53455353494f4e5f444154417c733a3235363a223731386462333966626337613235633665393965653236623963663965333661636465393363623836316534383137656363316637643863333635616138353533616361313438633632326539643233646166633333363565616136353063643037366565303065333538383631616561303236323038383935303237376437684e55464d46766d494b613049693748786c51576c49614c586c6d705a75736e754a324a6a70456e765230392f6138734165644d35662b474b785257354d59584a654a6168656b5278396f3738573472714b6e4642387073623649306e582f306a5943516974754871373672314b6e505634695a306a6b53365567777878724c223b),
('ks3loooam6680ccd5glj1k1h5756g511', '::1', 1602478969, 0x5f5f63695f6c6173745f726567656e65726174657c693a313630323437383936393b5f5f4143544956455f53455353494f4e5f444154417c733a3235363a223731386462333966626337613235633665393965653236623963663965333661636465393363623836316534383137656363316637643863333635616138353533616361313438633632326539643233646166633333363565616136353063643037366565303065333538383631616561303236323038383935303237376437684e55464d46766d494b613049693748786c51576c49614c586c6d705a75736e754a324a6a70456e765230392f6138734165644d35662b474b785257354d59584a654a6168656b5278396f3738573472714b6e4642387073623649306e582f306a5943516974754871373672314b6e505634695a306a6b53365567777878724c223b),
('62f5pk5jkgond3ea4rs3inblh1nb07r1', '::1', 1602479274, 0x5f5f63695f6c6173745f726567656e65726174657c693a313630323437393237343b5f5f4143544956455f53455353494f4e5f444154417c733a3235363a223731386462333966626337613235633665393965653236623963663965333661636465393363623836316534383137656363316637643863333635616138353533616361313438633632326539643233646166633333363565616136353063643037366565303065333538383631616561303236323038383935303237376437684e55464d46766d494b613049693748786c51576c49614c586c6d705a75736e754a324a6a70456e765230392f6138734165644d35662b474b785257354d59584a654a6168656b5278396f3738573472714b6e4642387073623649306e582f306a5943516974754871373672314b6e505634695a306a6b53365567777878724c223b),
('pk8bvk4gk7gkb13ao63sj5pa0jut8bb6', '::1', 1602480307, 0x5f5f63695f6c6173745f726567656e65726174657c693a313630323438303330373b5f5f4143544956455f53455353494f4e5f444154417c733a3235363a223731386462333966626337613235633665393965653236623963663965333661636465393363623836316534383137656363316637643863333635616138353533616361313438633632326539643233646166633333363565616136353063643037366565303065333538383631616561303236323038383935303237376437684e55464d46766d494b613049693748786c51576c49614c586c6d705a75736e754a324a6a70456e765230392f6138734165644d35662b474b785257354d59584a654a6168656b5278396f3738573472714b6e4642387073623649306e582f306a5943516974754871373672314b6e505634695a306a6b53365567777878724c223b),
('fo9ugj9e7e4cu250d9gp4lu1vbonmun3', '::1', 1602480744, 0x5f5f63695f6c6173745f726567656e65726174657c693a313630323438303734343b5f5f4143544956455f53455353494f4e5f444154417c733a3235363a223731386462333966626337613235633665393965653236623963663965333661636465393363623836316534383137656363316637643863333635616138353533616361313438633632326539643233646166633333363565616136353063643037366565303065333538383631616561303236323038383935303237376437684e55464d46766d494b613049693748786c51576c49614c586c6d705a75736e754a324a6a70456e765230392f6138734165644d35662b474b785257354d59584a654a6168656b5278396f3738573472714b6e4642387073623649306e582f306a5943516974754871373672314b6e505634695a306a6b53365567777878724c223b),
('s2p5tilcnjnp2oqeenuemsici20lt7sr', '::1', 1602485110, 0x5f5f63695f6c6173745f726567656e65726174657c693a313630323438353131303b5f5f4143544956455f53455353494f4e5f444154417c733a3235363a223731386462333966626337613235633665393965653236623963663965333661636465393363623836316534383137656363316637643863333635616138353533616361313438633632326539643233646166633333363565616136353063643037366565303065333538383631616561303236323038383935303237376437684e55464d46766d494b613049693748786c51576c49614c586c6d705a75736e754a324a6a70456e765230392f6138734165644d35662b474b785257354d59584a654a6168656b5278396f3738573472714b6e4642387073623649306e582f306a5943516974754871373672314b6e505634695a306a6b53365567777878724c223b),
('5h5b6vk82hdkpqolvoqk5qa14m57lunc', '::1', 1602489451, 0x5f5f63695f6c6173745f726567656e65726174657c693a313630323438393435313b5f5f4143544956455f53455353494f4e5f444154417c733a3235363a223731386462333966626337613235633665393965653236623963663965333661636465393363623836316534383137656363316637643863333635616138353533616361313438633632326539643233646166633333363565616136353063643037366565303065333538383631616561303236323038383935303237376437684e55464d46766d494b613049693748786c51576c49614c586c6d705a75736e754a324a6a70456e765230392f6138734165644d35662b474b785257354d59584a654a6168656b5278396f3738573472714b6e4642387073623649306e582f306a5943516974754871373672314b6e505634695a306a6b53365567777878724c223b636172745f636f6e74656e74737c613a333a7b733a31303a22636172745f746f74616c223b643a33333030303b733a31313a22746f74616c5f6974656d73223b643a313b733a33323a226161623332333839323262636332356136663630366562353235666664633536223b613a363a7b733a323a226964223b733a323a223134223b733a333a22717479223b643a313b733a353a227072696365223b643a33333030303b733a343a226e616d65223b733a31313a224361626169204d65726168223b733a353a22726f776964223b733a33323a226161623332333839323262636332356136663630366562353235666664633536223b733a383a22737562746f74616c223b643a33333030303b7d7d),
('5m94v07f84t0b2ndsjmheinbs77avcs9', '::1', 1602489761, 0x5f5f63695f6c6173745f726567656e65726174657c693a313630323438393736313b5f5f4143544956455f53455353494f4e5f444154417c733a3235363a223731386462333966626337613235633665393965653236623963663965333661636465393363623836316534383137656363316637643863333635616138353533616361313438633632326539643233646166633333363565616136353063643037366565303065333538383631616561303236323038383935303237376437684e55464d46766d494b613049693748786c51576c49614c586c6d705a75736e754a324a6a70456e765230392f6138734165644d35662b474b785257354d59584a654a6168656b5278396f3738573472714b6e4642387073623649306e582f306a5943516974754871373672314b6e505634695a306a6b53365567777878724c223b636172745f636f6e74656e74737c613a333a7b733a31303a22636172745f746f74616c223b643a33333030303b733a31313a22746f74616c5f6974656d73223b643a313b733a33323a226161623332333839323262636332356136663630366562353235666664633536223b613a363a7b733a323a226964223b733a323a223134223b733a333a22717479223b643a313b733a353a227072696365223b643a33333030303b733a343a226e616d65223b733a31313a224361626169204d65726168223b733a353a22726f776964223b733a33323a226161623332333839323262636332356136663630366562353235666664633536223b733a383a22737562746f74616c223b643a33333030303b7d7d),
('kf600junmkjalfiboldsa1e6ak5hd0h3', '::1', 1602490153, 0x5f5f63695f6c6173745f726567656e65726174657c693a313630323439303135333b5f5f4143544956455f53455353494f4e5f444154417c733a3235363a223731386462333966626337613235633665393965653236623963663965333661636465393363623836316534383137656363316637643863333635616138353533616361313438633632326539643233646166633333363565616136353063643037366565303065333538383631616561303236323038383935303237376437684e55464d46766d494b613049693748786c51576c49614c586c6d705a75736e754a324a6a70456e765230392f6138734165644d35662b474b785257354d59584a654a6168656b5278396f3738573472714b6e4642387073623649306e582f306a5943516974754871373672314b6e505634695a306a6b53365567777878724c223b636172745f636f6e74656e74737c613a333a7b733a31303a22636172745f746f74616c223b643a33333030303b733a31313a22746f74616c5f6974656d73223b643a313b733a33323a226161623332333839323262636332356136663630366562353235666664633536223b613a363a7b733a323a226964223b733a323a223134223b733a333a22717479223b643a313b733a353a227072696365223b643a33333030303b733a343a226e616d65223b733a31313a224361626169204d65726168223b733a353a22726f776964223b733a33323a226161623332333839323262636332356136663630366562353235666664633536223b733a383a22737562746f74616c223b643a33333030303b7d7d),
('5q4rhph82gm8torm04lb6ojo8tisnfeg', '::1', 1602490596, 0x5f5f63695f6c6173745f726567656e65726174657c693a313630323439303539363b5f5f4143544956455f53455353494f4e5f444154417c733a3235363a223731386462333966626337613235633665393965653236623963663965333661636465393363623836316534383137656363316637643863333635616138353533616361313438633632326539643233646166633333363565616136353063643037366565303065333538383631616561303236323038383935303237376437684e55464d46766d494b613049693748786c51576c49614c586c6d705a75736e754a324a6a70456e765230392f6138734165644d35662b474b785257354d59584a654a6168656b5278396f3738573472714b6e4642387073623649306e582f306a5943516974754871373672314b6e505634695a306a6b53365567777878724c223b636172745f636f6e74656e74737c613a333a7b733a31303a22636172745f746f74616c223b643a33333030303b733a31313a22746f74616c5f6974656d73223b643a313b733a33323a226161623332333839323262636332356136663630366562353235666664633536223b613a363a7b733a323a226964223b733a323a223134223b733a333a22717479223b643a313b733a353a227072696365223b643a33333030303b733a343a226e616d65223b733a31313a224361626169204d65726168223b733a353a22726f776964223b733a33323a226161623332333839323262636332356136663630366562353235666664633536223b733a383a22737562746f74616c223b643a33333030303b7d7d),
('obvplinq26uls4aa9ekfm81ghh2ltapi', '::1', 1602491240, 0x5f5f63695f6c6173745f726567656e65726174657c693a313630323439313234303b5f5f4143544956455f53455353494f4e5f444154417c733a3235363a223731386462333966626337613235633665393965653236623963663965333661636465393363623836316534383137656363316637643863333635616138353533616361313438633632326539643233646166633333363565616136353063643037366565303065333538383631616561303236323038383935303237376437684e55464d46766d494b613049693748786c51576c49614c586c6d705a75736e754a324a6a70456e765230392f6138734165644d35662b474b785257354d59584a654a6168656b5278396f3738573472714b6e4642387073623649306e582f306a5943516974754871373672314b6e505634695a306a6b53365567777878724c223b636172745f636f6e74656e74737c613a333a7b733a31303a22636172745f746f74616c223b643a33333030303b733a31313a22746f74616c5f6974656d73223b643a313b733a33323a226161623332333839323262636332356136663630366562353235666664633536223b613a363a7b733a323a226964223b733a323a223134223b733a333a22717479223b643a313b733a353a227072696365223b643a33333030303b733a343a226e616d65223b733a31313a224361626169204d65726168223b733a353a22726f776964223b733a33323a226161623332333839323262636332356136663630366562353235666664633536223b733a383a22737562746f74616c223b643a33333030303b7d7d),
('1r768sfdmtcjlq74dj4uh3bgs8supfun', '::1', 1602491915, 0x5f5f63695f6c6173745f726567656e65726174657c693a313630323439313931353b5f5f4143544956455f53455353494f4e5f444154417c733a3235363a223731386462333966626337613235633665393965653236623963663965333661636465393363623836316534383137656363316637643863333635616138353533616361313438633632326539643233646166633333363565616136353063643037366565303065333538383631616561303236323038383935303237376437684e55464d46766d494b613049693748786c51576c49614c586c6d705a75736e754a324a6a70456e765230392f6138734165644d35662b474b785257354d59584a654a6168656b5278396f3738573472714b6e4642387073623649306e582f306a5943516974754871373672314b6e505634695a306a6b53365567777878724c223b636172745f636f6e74656e74737c613a333a7b733a31303a22636172745f746f74616c223b643a33333030303b733a31313a22746f74616c5f6974656d73223b643a313b733a33323a226161623332333839323262636332356136663630366562353235666664633536223b613a363a7b733a323a226964223b733a323a223134223b733a333a22717479223b643a313b733a353a227072696365223b643a33333030303b733a343a226e616d65223b733a31313a224361626169204d65726168223b733a353a22726f776964223b733a33323a226161623332333839323262636332356136663630366562353235666664633536223b733a383a22737562746f74616c223b643a33333030303b7d7d),
('kjgousvirng2m2v4pirl888q62u7df2m', '::1', 1602492795, 0x5f5f63695f6c6173745f726567656e65726174657c693a313630323439323739353b5f5f4143544956455f53455353494f4e5f444154417c733a3235363a223731386462333966626337613235633665393965653236623963663965333661636465393363623836316534383137656363316637643863333635616138353533616361313438633632326539643233646166633333363565616136353063643037366565303065333538383631616561303236323038383935303237376437684e55464d46766d494b613049693748786c51576c49614c586c6d705a75736e754a324a6a70456e765230392f6138734165644d35662b474b785257354d59584a654a6168656b5278396f3738573472714b6e4642387073623649306e582f306a5943516974754871373672314b6e505634695a306a6b53365567777878724c223b636172745f636f6e74656e74737c613a333a7b733a31303a22636172745f746f74616c223b643a33333030303b733a31313a22746f74616c5f6974656d73223b643a313b733a33323a226161623332333839323262636332356136663630366562353235666664633536223b613a363a7b733a323a226964223b733a323a223134223b733a333a22717479223b643a313b733a353a227072696365223b643a33333030303b733a343a226e616d65223b733a31313a224361626169204d65726168223b733a353a22726f776964223b733a33323a226161623332333839323262636332356136663630366562353235666664633536223b733a383a22737562746f74616c223b643a33333030303b7d7d),
('khl4klebmr1hn8drbp8o4h4cfr5sl9pr', '::1', 1602493279, 0x5f5f63695f6c6173745f726567656e65726174657c693a313630323439333237393b5f5f4143544956455f53455353494f4e5f444154417c733a3235363a223731386462333966626337613235633665393965653236623963663965333661636465393363623836316534383137656363316637643863333635616138353533616361313438633632326539643233646166633333363565616136353063643037366565303065333538383631616561303236323038383935303237376437684e55464d46766d494b613049693748786c51576c49614c586c6d705a75736e754a324a6a70456e765230392f6138734165644d35662b474b785257354d59584a654a6168656b5278396f3738573472714b6e4642387073623649306e582f306a5943516974754871373672314b6e505634695a306a6b53365567777878724c223b),
('p7pa641ac785b5m6m4410b1sp1jqv9is', '::1', 1602494186, 0x5f5f63695f6c6173745f726567656e65726174657c693a313630323439343138363b5f5f4143544956455f53455353494f4e5f444154417c733a3235363a223731386462333966626337613235633665393965653236623963663965333661636465393363623836316534383137656363316637643863333635616138353533616361313438633632326539643233646166633333363565616136353063643037366565303065333538383631616561303236323038383935303237376437684e55464d46766d494b613049693748786c51576c49614c586c6d705a75736e754a324a6a70456e765230392f6138734165644d35662b474b785257354d59584a654a6168656b5278396f3738573472714b6e4642387073623649306e582f306a5943516974754871373672314b6e505634695a306a6b53365567777878724c223b),
('3nctnfv1omqb719s0i6rn5ltupvg5cas', '::1', 1602494576, 0x5f5f63695f6c6173745f726567656e65726174657c693a313630323439343537363b5f5f4143544956455f53455353494f4e5f444154417c733a3235363a223731386462333966626337613235633665393965653236623963663965333661636465393363623836316534383137656363316637643863333635616138353533616361313438633632326539643233646166633333363565616136353063643037366565303065333538383631616561303236323038383935303237376437684e55464d46766d494b613049693748786c51576c49614c586c6d705a75736e754a324a6a70456e765230392f6138734165644d35662b474b785257354d59584a654a6168656b5278396f3738573472714b6e4642387073623649306e582f306a5943516974754871373672314b6e505634695a306a6b53365567777878724c223b),
('nblmjsci58v76n83tkal6btse24php6t', '::1', 1602495101, 0x5f5f63695f6c6173745f726567656e65726174657c693a313630323439353130313b5f5f4143544956455f53455353494f4e5f444154417c733a3235363a223731386462333966626337613235633665393965653236623963663965333661636465393363623836316534383137656363316637643863333635616138353533616361313438633632326539643233646166633333363565616136353063643037366565303065333538383631616561303236323038383935303237376437684e55464d46766d494b613049693748786c51576c49614c586c6d705a75736e754a324a6a70456e765230392f6138734165644d35662b474b785257354d59584a654a6168656b5278396f3738573472714b6e4642387073623649306e582f306a5943516974754871373672314b6e505634695a306a6b53365567777878724c223b),
('f1hgoi7mk49bts82d0guantai5qrcvar', '::1', 1602495464, 0x5f5f63695f6c6173745f726567656e65726174657c693a313630323439353436343b5f5f4143544956455f53455353494f4e5f444154417c733a3235363a223731386462333966626337613235633665393965653236623963663965333661636465393363623836316534383137656363316637643863333635616138353533616361313438633632326539643233646166633333363565616136353063643037366565303065333538383631616561303236323038383935303237376437684e55464d46766d494b613049693748786c51576c49614c586c6d705a75736e754a324a6a70456e765230392f6138734165644d35662b474b785257354d59584a654a6168656b5278396f3738573472714b6e4642387073623649306e582f306a5943516974754871373672314b6e505634695a306a6b53365567777878724c223b),
('l1lvspamrku06cd26akt230gi86ikfb0', '::1', 1602495769, 0x5f5f63695f6c6173745f726567656e65726174657c693a313630323439353736393b5f5f4143544956455f53455353494f4e5f444154417c733a3235363a223731386462333966626337613235633665393965653236623963663965333661636465393363623836316534383137656363316637643863333635616138353533616361313438633632326539643233646166633333363565616136353063643037366565303065333538383631616561303236323038383935303237376437684e55464d46766d494b613049693748786c51576c49614c586c6d705a75736e754a324a6a70456e765230392f6138734165644d35662b474b785257354d59584a654a6168656b5278396f3738573472714b6e4642387073623649306e582f306a5943516974754871373672314b6e505634695a306a6b53365567777878724c223b),
('gcmrmms7s0rcs54p14nklun9kk38ju30', '::1', 1602496075, 0x5f5f63695f6c6173745f726567656e65726174657c693a313630323439363037353b5f5f4143544956455f53455353494f4e5f444154417c733a3235363a223439653533313163323364633765346162323664376532393535323532363331636366656465313039326138643330313238343031336133643964643162313061346131666662343464623436346435363066343131373130666138396361343937356531613431666131326361373433376261326332343431656236303965793163324a484b314b78753972666e4c485a71453831346c456a7332395830737a433349432b61744f706769465554634544764a65646e3056796e596663674f627668347666554136306b646c737465787a45715542534574672b557674423649447445744354333365346e70704d466463767462456d42394449642b576955223b7265646972656374696f6e7c4e3b),
('qcgu9hp6po8vb25kamn3lfivoieatqfa', '::1', 1602496433, 0x5f5f63695f6c6173745f726567656e65726174657c693a313630323439363433333b5f5f4143544956455f53455353494f4e5f444154417c733a3235363a223439653533313163323364633765346162323664376532393535323532363331636366656465313039326138643330313238343031336133643964643162313061346131666662343464623436346435363066343131373130666138396361343937356531613431666131326361373433376261326332343431656236303965793163324a484b314b78753972666e4c485a71453831346c456a7332395830737a433349432b61744f706769465554634544764a65646e3056796e596663674f627668347666554136306b646c737465787a45715542534574672b557674423649447445744354333365346e70704d466463767462456d42394449642b576955223b7265646972656374696f6e7c4e3b636172745f636f6e74656e74737c613a333a7b733a31303a22636172745f746f74616c223b643a36353030303b733a31313a22746f74616c5f6974656d73223b643a313b733a33323a226334636134323338613062393233383230646363353039613666373538343962223b613a363a7b733a323a226964223b733a313a2231223b733a333a22717479223b643a313b733a353a227072696365223b643a36353030303b733a343a226e616d65223b733a31303a2253747261776265727279223b733a353a22726f776964223b733a33323a226334636134323338613062393233383230646363353039613666373538343962223b733a383a22737562746f74616c223b643a36353030303b7d7d6f726465725f7175616e746974797c613a313a7b693a313b613a323a7b733a333a22717479223b643a313b733a353a227072696365223b643a36353030303b7d7d746f74616c5f70726963657c643a36353030303b),
('ahh9r2eil35i8qr4hflqg9ffcheblb50', '::1', 1602500232, 0x5f5f63695f6c6173745f726567656e65726174657c693a313630323530303233323b5f5f4143544956455f53455353494f4e5f444154417c733a3235363a223439653533313163323364633765346162323664376532393535323532363331636366656465313039326138643330313238343031336133643964643162313061346131666662343464623436346435363066343131373130666138396361343937356531613431666131326361373433376261326332343431656236303965793163324a484b314b78753972666e4c485a71453831346c456a7332395830737a433349432b61744f706769465554634544764a65646e3056796e596663674f627668347666554136306b646c737465787a45715542534574672b557674423649447445744354333365346e70704d466463767462456d42394449642b576955223b7265646972656374696f6e7c4e3b),
('cfv64t7b53jl85mrjjb3vlh0hp1b0dh0', '::1', 1602500539, 0x5f5f63695f6c6173745f726567656e65726174657c693a313630323530303533393b5f5f4143544956455f53455353494f4e5f444154417c733a3235363a223439653533313163323364633765346162323664376532393535323532363331636366656465313039326138643330313238343031336133643964643162313061346131666662343464623436346435363066343131373130666138396361343937356531613431666131326361373433376261326332343431656236303965793163324a484b314b78753972666e4c485a71453831346c456a7332395830737a433349432b61744f706769465554634544764a65646e3056796e596663674f627668347666554136306b646c737465787a45715542534574672b557674423649447445744354333365346e70704d466463767462456d42394449642b576955223b7265646972656374696f6e7c4e3b),
('htpbfdsuvllcti157lmg32nkh2uq1jqt', '::1', 1602500540, 0x5f5f63695f6c6173745f726567656e65726174657c693a313630323530303533393b5f5f4143544956455f53455353494f4e5f444154417c733a3235363a223439653533313163323364633765346162323664376532393535323532363331636366656465313039326138643330313238343031336133643964643162313061346131666662343464623436346435363066343131373130666138396361343937356531613431666131326361373433376261326332343431656236303965793163324a484b314b78753972666e4c485a71453831346c456a7332395830737a433349432b61744f706769465554634544764a65646e3056796e596663674f627668347666554136306b646c737465787a45715542534574672b557674423649447445744354333365346e70704d466463767462456d42394449642b576955223b7265646972656374696f6e7c4e3b),
('j7dv4u4ovuerhde84ad1qdds2fak9ofk', '::1', 1602555601, 0x5f5f63695f6c6173745f726567656e65726174657c693a313630323535353539383b),
('cpdthoig8e3sn5i7al46i1v2nas1tiud', '::1', 1602571957, 0x5f5f63695f6c6173745f726567656e65726174657c693a313630323537313935333b),
('5fkpu9d2li8hodbv8amjamjlj209dj34', '::1', 1602585375, 0x5f5f63695f6c6173745f726567656e65726174657c693a313630323538353337353b),
('5j9jfftvkp2tk2jgr5c38bl6o7014t9p', '::1', 1602585702, 0x5f5f63695f6c6173745f726567656e65726174657c693a313630323538353730323b5f5f4143544956455f53455353494f4e5f444154417c733a3235363a22613963636661383331396364383836346264313861363639346536393863656136393734636633373631653335313436306665373234323432343164346562346462313130303138393565653437653735623239376636643732623130656430356538306561333630373164353564306630313534313064323237356165636154447235643362594345586376734252453367646a6c6a5876646e7438474b464d6f444f6e634359387536524458493271587565504e6e4438475a6e55476d5a62457356415572654a7444492b615a6a4c742f51627a31644a7835494b71524e616b6a5730792b6872382f43586246635a38683072694d763865324b72722f67223b),
('78i37a7p0krte2apm5u06s0vu35sv3g7', '::1', 1602586006, 0x5f5f63695f6c6173745f726567656e65726174657c693a313630323538363030363b5f5f4143544956455f53455353494f4e5f444154417c733a3235363a22613963636661383331396364383836346264313861363639346536393863656136393734636633373631653335313436306665373234323432343164346562346462313130303138393565653437653735623239376636643732623130656430356538306561333630373164353564306630313534313064323237356165636154447235643362594345586376734252453367646a6c6a5876646e7438474b464d6f444f6e634359387536524458493271587565504e6e4438475a6e55476d5a62457356415572654a7444492b615a6a4c742f51627a31644a7835494b71524e616b6a5730792b6872382f43586246635a38683072694d763865324b72722f67223b6164645f6e65775f70726f647563745f666c6173687c733a33333a2250726f64756b206261727520626572686173696c20646974616d6261686b616e21223b5f5f63695f766172737c613a313a7b733a32313a226164645f6e65775f70726f647563745f666c617368223b733a333a226f6c64223b7d),
('6ik0cqc6gcq4rbcjkm6c5hogu9ijfh0d', '::1', 1602586490, 0x5f5f63695f6c6173745f726567656e65726174657c693a313630323538363439303b5f5f4143544956455f53455353494f4e5f444154417c733a3235363a22613963636661383331396364383836346264313861363639346536393863656136393734636633373631653335313436306665373234323432343164346562346462313130303138393565653437653735623239376636643732623130656430356538306561333630373164353564306630313534313064323237356165636154447235643362594345586376734252453367646a6c6a5876646e7438474b464d6f444f6e634359387536524458493271587565504e6e4438475a6e55476d5a62457356415572654a7444492b615a6a4c742f51627a31644a7835494b71524e616b6a5730792b6872382f43586246635a38683072694d763865324b72722f67223b636172745f636f6e74656e74737c613a333a7b733a31303a22636172745f746f74616c223b643a3233353030303b733a31313a22746f74616c5f6974656d73223b643a313b733a33323a223666343932326634353536383136316138636466346164323239396636643233223b613a363a7b733a323a226964223b733a323a223138223b733a333a22717479223b643a313b733a353a227072696365223b643a3233353030303b733a343a226e616d65223b733a31313a22496b616e2053616c6d6f6e223b733a353a22726f776964223b733a33323a223666343932326634353536383136316138636466346164323239396636643233223b733a383a22737562746f74616c223b643a3233353030303b7d7d),
('97fd4i9c20qgqgrtop56ecftfqq1baes', '::1', 1602586490, 0x5f5f63695f6c6173745f726567656e65726174657c693a313630323538363439303b5f5f4143544956455f53455353494f4e5f444154417c733a3235363a22613963636661383331396364383836346264313861363639346536393863656136393734636633373631653335313436306665373234323432343164346562346462313130303138393565653437653735623239376636643732623130656430356538306561333630373164353564306630313534313064323237356165636154447235643362594345586376734252453367646a6c6a5876646e7438474b464d6f444f6e634359387536524458493271587565504e6e4438475a6e55476d5a62457356415572654a7444492b615a6a4c742f51627a31644a7835494b71524e616b6a5730792b6872382f43586246635a38683072694d763865324b72722f67223b636172745f636f6e74656e74737c613a333a7b733a31303a22636172745f746f74616c223b643a3233353030303b733a31313a22746f74616c5f6974656d73223b643a313b733a33323a223666343932326634353536383136316138636466346164323239396636643233223b613a363a7b733a323a226964223b733a323a223138223b733a333a22717479223b643a313b733a353a227072696365223b643a3233353030303b733a343a226e616d65223b733a31313a22496b616e2053616c6d6f6e223b733a353a22726f776964223b733a33323a223666343932326634353536383136316138636466346164323239396636643233223b733a383a22737562746f74616c223b643a3233353030303b7d7d),
('11tjq039mt9f07kgum15mc1ncrvb0am2', '::1', 1602605728, 0x5f5f63695f6c6173745f726567656e65726174657c693a313630323630353732383b5f5f4143544956455f53455353494f4e5f444154417c733a3235363a223439626534316534643531633262336339353762386562333333396232316539383537323330383535323236303532366132636164333765363465376239313038663461383239313564663566366536353533613365323933356232346461356637386631313731613839636333633163646533616266303362306166616538646d77786e545473694c46396f6e326e3276467359666b436b77783132764c6c426c715065474b4c656a6d4c3063796c4b32506332716c7656446b79553763424b6d4a7369623152675857625778762b4646442b49686973523372692b6a32556a626f676d2f3778676e674e624d57666d46467039315a6662582b4d48546e70223b6164645f6e65775f70726f647563745f666c6173687c733a33333a2250726f64756b206261727520626572686173696c20646974616d6261686b616e21223b5f5f63695f766172737c613a313a7b733a32313a226164645f6e65775f70726f647563745f666c617368223b733a333a226f6c64223b7d),
('cbss8l2ji8kjtapujpf4dv9rb9blgqfu', '::1', 1602605666, 0x5f5f63695f6c6173745f726567656e65726174657c693a313630323630353636363b),
('0gu60pd8opscbvdpm9ibfrkd679cd5in', '::1', 1602605666, 0x5f5f63695f6c6173745f726567656e65726174657c693a313630323630353636363b7265646972656374696f6e7c733a36343a226148523063446f764c327876593246736147397a6443396c4c5842686332467959326c735a58567565576b766157356b5a586775634768774c32466b62576c75223b),
('vpirtnstqpr0n9pskjbdjptbb3pvomdn', '::1', 1602606182, 0x5f5f63695f6c6173745f726567656e65726174657c693a313630323630363138323b5f5f4143544956455f53455353494f4e5f444154417c733a3235363a223439626534316534643531633262336339353762386562333333396232316539383537323330383535323236303532366132636164333765363465376239313038663461383239313564663566366536353533613365323933356232346461356637386631313731613839636333633163646533616266303362306166616538646d77786e545473694c46396f6e326e3276467359666b436b77783132764c6c426c715065474b4c656a6d4c3063796c4b32506332716c7656446b79553763424b6d4a7369623152675857625778762b4646442b49686973523372692b6a32556a626f676d2f3778676e674e624d57666d46467039315a6662582b4d48546e70223b6164645f6e65775f70726f647563745f666c6173687c733a33333a2250726f64756b206261727520626572686173696c20646974616d6261686b616e21223b5f5f63695f766172737c613a313a7b733a32313a226164645f6e65775f70726f647563745f666c617368223b733a333a226f6c64223b7d),
('kfb7mieo4h4utragngj2q0onm8ji6lm8', '::1', 1602606509, 0x5f5f63695f6c6173745f726567656e65726174657c693a313630323630363530393b5f5f4143544956455f53455353494f4e5f444154417c733a3235363a223439626534316534643531633262336339353762386562333333396232316539383537323330383535323236303532366132636164333765363465376239313038663461383239313564663566366536353533613365323933356232346461356637386631313731613839636333633163646533616266303362306166616538646d77786e545473694c46396f6e326e3276467359666b436b77783132764c6c426c715065474b4c656a6d4c3063796c4b32506332716c7656446b79553763424b6d4a7369623152675857625778762b4646442b49686973523372692b6a32556a626f676d2f3778676e674e624d57666d46467039315a6662582b4d48546e70223b),
('bes5i0n7labm0jp0gqbcve1ckibs1k1e', '::1', 1602606821, 0x5f5f63695f6c6173745f726567656e65726174657c693a313630323630363832313b5f5f4143544956455f53455353494f4e5f444154417c733a3235363a223439626534316534643531633262336339353762386562333333396232316539383537323330383535323236303532366132636164333765363465376239313038663461383239313564663566366536353533613365323933356232346461356637386631313731613839636333633163646533616266303362306166616538646d77786e545473694c46396f6e326e3276467359666b436b77783132764c6c426c715065474b4c656a6d4c3063796c4b32506332716c7656446b79553763424b6d4a7369623152675857625778762b4646442b49686973523372692b6a32556a626f676d2f3778676e674e624d57666d46467039315a6662582b4d48546e70223b),
('3follhra2bptec2ri0gm6gp8sti8rope', '::1', 1602607125, 0x5f5f63695f6c6173745f726567656e65726174657c693a313630323630373132353b5f5f4143544956455f53455353494f4e5f444154417c733a3235363a223265366337323765333339646430333565386161323063396361323134653265663564373933636535383039333031626339633562316632636133323835623230303733326230363536663863393533306464623062633330636166353030613961393166316334633865623939626464326562323062633339666632383530724761315537457361414c6d6c696b4176384f354e4d394768686e2b50717433642b444a547545314974533136526452777a4f4f4b2f74756732636b6a626c37786b30786346567161425175364e4e6164557a61766d614239774c305a363644487745764455454b41684f6d4a64536954576964752f5a32756a657064373976223b),
('85j0vbcmanod7dii1autnv4t5ej30oku', '::1', 1602607454, 0x5f5f63695f6c6173745f726567656e65726174657c693a313630323630373435343b5f5f4143544956455f53455353494f4e5f444154417c733a3235363a226438376130623432623861353865363639373765316164336562633366623634623161313163666135626438333534323131366463343231613131313637616161303765313130323133656138383431303439633065316538393838383435623230326434376132613330353365306362366637656261306534636465663237307756584c306f4135525458497a622b7178746b474774524f44424334784c55576b4f733379364b614f4d6d6a4a4a35673071796152744f314a7575724d3373702b56554a336c737a5247705837796b367a376c4b6a4a3757684d4d3967357734773259352b43797056664d756f4c4e6563684379667978344673514f703776223b7265646972656374696f6e7c733a36343a226148523063446f764c327876593246736147397a6443396c4c5842686332467959326c735a58567565576b766157356b5a586775634768774c32466b62576c75223b),
('v7c1rs79q3m50ggr0gtunchft61fjrm4', '::1', 1602607853, 0x5f5f63695f6c6173745f726567656e65726174657c693a313630323630373835333b5f5f4143544956455f53455353494f4e5f444154417c733a3235363a226438376130623432623861353865363639373765316164336562633366623634623161313163666135626438333534323131366463343231613131313637616161303765313130323133656138383431303439633065316538393838383435623230326434376132613330353365306362366637656261306534636465663237307756584c306f4135525458497a622b7178746b474774524f44424334784c55576b4f733379364b614f4d6d6a4a4a35673071796152744f314a7575724d3373702b56554a336c737a5247705837796b367a376c4b6a4a3757684d4d3967357734773259352b43797056664d756f4c4e6563684379667978344673514f703776223b7265646972656374696f6e7c733a36343a226148523063446f764c327876593246736147397a6443396c4c5842686332467959326c735a58567565576b766157356b5a586775634768774c32466b62576c75223b),
('6taruvjs8512g0ckj9d7tiakr6gpkefr', '::1', 1602608228, 0x5f5f63695f6c6173745f726567656e65726174657c693a313630323630383232383b7265646972656374696f6e7c4e3b5f5f4143544956455f53455353494f4e5f444154417c733a3235363a2266356163363936613039353437383164383236313238303631346662306333623330376266636537353566373931376339373138653266653532303534343537663363376531343563316538323630616266643362666264383835643036376137396266653764386231393661313336323562666531643862363462333563652f674f536e465a77564a50686246346e443856704963455658355659646446775a4633716c6e6c33482f47477750326d59356235687a6f487858472b76524165326d426d676a35734a475057307a79496a55764e614568714e7742623747557255326f724f6a66367370696e786178456e753455363731704b4a31705569766a223b),
('u2hcf0km488htusll3l22mn23nld5vb4', '::1', 1602608537, 0x5f5f63695f6c6173745f726567656e65726174657c693a313630323630383533373b7265646972656374696f6e7c4e3b5f5f4143544956455f53455353494f4e5f444154417c733a3235363a223634633537353932663432386330646361633465343762663737346466323066656532626536633232653563613864396464316432313438366365663436396634623737366164353632656661636532353264303134333635306331613438393266343935666330343662666534623532653162346131643161356333356136776556365939655644415466766945374967342f58535a4e74625a424334727330467057305373735562652f58654a473957754d503155436d784f35503565323258765548487074572b786d43774e414662696745687a546e5972794b3264364e325639543449314e716e7a555868516e647a5a38424b7652634675624e644d223b),
('e17ft92et9q8rs5ua1cf7sqpma5le1ca', '::1', 1602608861, 0x5f5f63695f6c6173745f726567656e65726174657c693a313630323630383836313b6c6f67696e5f666c6173687c733a31363a22426572686173696c206c6f676f757421223b5f5f63695f766172737c613a313a7b733a31313a226c6f67696e5f666c617368223b733a333a226f6c64223b7d7265646972656374696f6e7c4e3b),
('hmbdlg9ag57ovquf37of84o7bjoef0lf', '::1', 1602609262, 0x5f5f63695f6c6173745f726567656e65726174657c693a313630323630393236323b7265646972656374696f6e7c4e3b5f5f4143544956455f53455353494f4e5f444154417c733a3235363a22373162363333313639336461333865313131633665393831613538643863353263393335303432643132336264633332333264386133626535383938636635346263356265333461656238623033323035623161663735353539626638396337353530383739656463346633313639393338396666366165356433396165393757434741484562615a586f6c7259565441753373336752486e36536f53455746396f4d734c734f3930706a41735177317671547359527262725337672b524e6f745a425241525a586e536e6e3942666e6c334f535352363151395538746f30735a55534c7a51564d5577704d4f424a38525a6a2f4744683243614c72706d694f223b),
('u4sfacf6s9847lb6pp2iuhscrf1g0jdp', '::1', 1602609574, 0x5f5f63695f6c6173745f726567656e65726174657c693a313630323630393537343b5f5f4143544956455f53455353494f4e5f444154417c733a3235363a22653939303139633563663930333439336234383432643766303034393263376332306462343031333830643832623563356666306537633633356464646639653439666233666661616364323232653462313531653662353039343933333133326334613032336362326465343164623134393163303030376137326532393150616c4b3575566b62556d343448414d676441713257317763335749383150506954514f414756505a665266532f4e502f4974522b4b623233304d5730716a656372562f6b734e41346d7435647766444f654b535649444457487666704f524b50474737767674346c31756b70584e79634436756253416d77786e436a6f7679223b),
('c1mt4c2g6o421ofms2s0mjcr77kvsajd', '::1', 1602609876, 0x5f5f63695f6c6173745f726567656e65726174657c693a313630323630393837363b5f5f4143544956455f53455353494f4e5f444154417c733a3235363a22373163303331623266643262353633393439636262626334323935386461346465623765313761373831646365313039313766306338636465393538616566656537393132633862356536666637666665633538363432316663376136333165343739336565306565613064643031333731653930623234623066363265666579792f366b73596a4d6a4d6e6175687957797252434b586a4b563634366e6d335a4d474f51547567436a437248356a634f714b474478636e555a396977745550574d756f476d596631424a4c7a2b7236792b36694a4951564342446f5441623579743458657462477743447744716f3949487045385253587562432b5444567a223b636172745f636f6e74656e74737c613a333a7b733a31303a22636172745f746f74616c223b643a36353030303b733a31313a22746f74616c5f6974656d73223b643a313b733a33323a226334636134323338613062393233383230646363353039613666373538343962223b613a363a7b733a323a226964223b733a313a2231223b733a333a22717479223b643a313b733a353a227072696365223b643a36353030303b733a343a226e616d65223b733a31303a2253747261776265727279223b733a353a22726f776964223b733a33323a226334636134323338613062393233383230646363353039613666373538343962223b733a383a22737562746f74616c223b643a36353030303b7d7d),
('k92uq3drp44mj5mscurf8u62e7jqhgt6', '::1', 1602609993, 0x5f5f63695f6c6173745f726567656e65726174657c693a313630323630393837363b5f5f4143544956455f53455353494f4e5f444154417c733a3235363a22373163303331623266643262353633393439636262626334323935386461346465623765313761373831646365313039313766306338636465393538616566656537393132633862356536666637666665633538363432316663376136333165343739336565306565613064643031333731653930623234623066363265666579792f366b73596a4d6a4d6e6175687957797252434b586a4b563634366e6d335a4d474f51547567436a437248356a634f714b474478636e555a396977745550574d756f476d596631424a4c7a2b7236792b36694a4951564342446f5441623579743458657462477743447744716f3949487045385253587562432b5444567a223b),
('bktn7amc4ugf7peortq41gph82mft1kp', '::1', 1602660072, 0x5f5f63695f6c6173745f726567656e65726174657c693a313630323636303037323b5f5f4143544956455f53455353494f4e5f444154417c733a3235363a2230613866386530373638316532316162313732353366633734393533323738653864343962383466666338643165663438306663366333666139363939383035626238373861306664643764663761643262373262333432346466663539643532353962303862376365333230373565393830616337363035363533346632383038655956314144452f4c67662b53696f49496f7849716444426c4d67625a7751756d58374a51654577692f6a6b483338634c61444e4b4b793370566c56786c734d52524f5971684c73673578434a4b677357782f786b4a61696e434e64766e4e774e44437357374a7654665a5168765757765254694b48306d434139434857223b),
('7quk6923vbl4bqs0fusd05vjns9os2o1', '::1', 1602659812, 0x5f5f63695f6c6173745f726567656e65726174657c693a313630323635393831323b),
('4qrtnfcae37ahhf4paf9qelvoickfhtg', '::1', 1602659812, 0x5f5f63695f6c6173745f726567656e65726174657c693a313630323635393831323b7265646972656374696f6e7c733a36343a226148523063446f764c327876593246736147397a6443396c4c5842686332467959326c735a58567565576b766157356b5a586775634768774c32466b62576c75223b),
('tc2cjk4asstivg1ebtenqcfla2c5qn34', '::1', 1602660409, 0x5f5f63695f6c6173745f726567656e65726174657c693a313630323636303430393b5f5f4143544956455f53455353494f4e5f444154417c733a3235363a2230613866386530373638316532316162313732353366633734393533323738653864343962383466666338643165663438306663366333666139363939383035626238373861306664643764663761643262373262333432346466663539643532353962303862376365333230373565393830616337363035363533346632383038655956314144452f4c67662b53696f49496f7849716444426c4d67625a7751756d58374a51654577692f6a6b483338634c61444e4b4b793370566c56786c734d52524f5971684c73673578434a4b677357782f786b4a61696e434e64766e4e774e44437357374a7654665a5168765757765254694b48306d434139434857223b),
('f06c6a3olifcnsjdjeh5r5sdg0bevmor', '::1', 1602661464, 0x5f5f63695f6c6173745f726567656e65726174657c693a313630323636313436343b5f5f4143544956455f53455353494f4e5f444154417c733a3235363a2230613866386530373638316532316162313732353366633734393533323738653864343962383466666338643165663438306663366333666139363939383035626238373861306664643764663761643262373262333432346466663539643532353962303862376365333230373565393830616337363035363533346632383038655956314144452f4c67662b53696f49496f7849716444426c4d67625a7751756d58374a51654577692f6a6b483338634c61444e4b4b793370566c56786c734d52524f5971684c73673578434a4b677357782f786b4a61696e434e64766e4e774e44437357374a7654665a5168765757765254694b48306d434139434857223b),
('c2knmolgt8sqvlicrrpp4q0i42niu9au', '::1', 1602661078, 0x5f5f63695f6c6173745f726567656e65726174657c693a313630323636313037383b5f5f4143544956455f53455353494f4e5f444154417c733a3235363a2266373264333266633832363833346464653662306539373064383834353433316234306534633663373365643733666634356433393465656237626338636539386537373464323539333561373962383365323432623236613061663539356331373136323634346239303762323733613732633965626466623034363439646b694e6c4748463970656d766141393372333763366961477a7239336579783845714b7050706a474f2b4377693350556c372b5948325730782f37314d7250564b79356d337135324e3172466668706f742f7a77573856524f6a377978656a51566c656a5972516862322b674645615256737462765a427072364c7967655231223b),
('8br1qlg20lpl0aqu79q824e7a2r2v6ks', '::1', 1602661482, 0x5f5f63695f6c6173745f726567656e65726174657c693a313630323636313438323b5f5f4143544956455f53455353494f4e5f444154417c733a3235363a2266373264333266633832363833346464653662306539373064383834353433316234306534633663373365643733666634356433393465656237626338636539386537373464323539333561373962383365323432623236613061663539356331373136323634346239303762323733613732633965626466623034363439646b694e6c4748463970656d766141393372333763366961477a7239336579783845714b7050706a474f2b4377693350556c372b5948325730782f37314d7250564b79356d337135324e3172466668706f742f7a77573856524f6a377978656a51566c656a5972516862322b674645615256737462765a427072364c7967655231223b),
('7933p5ed08enaipdr4p2pa4hcqnfc8hb', '::1', 1602661744, 0x5f5f63695f6c6173745f726567656e65726174657c693a313630323636313436343b5f5f4143544956455f53455353494f4e5f444154417c733a3235363a2230613866386530373638316532316162313732353366633734393533323738653864343962383466666338643165663438306663366333666139363939383035626238373861306664643764663761643262373262333432346466663539643532353962303862376365333230373565393830616337363035363533346632383038655956314144452f4c67662b53696f49496f7849716444426c4d67625a7751756d58374a51654577692f6a6b483338634c61444e4b4b793370566c56786c734d52524f5971684c73673578434a4b677357782f786b4a61696e434e64766e4e774e44437357374a7654665a5168765757765254694b48306d434139434857223b),
('rcfi6f2kd2fbfeupf6sg1btam08td3ir', '::1', 1602663866, 0x5f5f63695f6c6173745f726567656e65726174657c693a313630323636333836363b5f5f4143544956455f53455353494f4e5f444154417c733a3235363a2266373264333266633832363833346464653662306539373064383834353433316234306534633663373365643733666634356433393465656237626338636539386537373464323539333561373962383365323432623236613061663539356331373136323634346239303762323733613732633965626466623034363439646b694e6c4748463970656d766141393372333763366961477a7239336579783845714b7050706a474f2b4377693350556c372b5948325730782f37314d7250564b79356d337135324e3172466668706f742f7a77573856524f6a377978656a51566c656a5972516862322b674645615256737462765a427072364c7967655231223b),
('ro4319q6o504h1qh61g3emumjesu7qsp', '::1', 1602664038, 0x5f5f63695f6c6173745f726567656e65726174657c693a313630323636333836363b5f5f4143544956455f53455353494f4e5f444154417c733a3235363a2266373264333266633832363833346464653662306539373064383834353433316234306534633663373365643733666634356433393465656237626338636539386537373464323539333561373962383365323432623236613061663539356331373136323634346239303762323733613732633965626466623034363439646b694e6c4748463970656d766141393372333763366961477a7239336579783845714b7050706a474f2b4377693350556c372b5948325730782f37314d7250564b79356d337135324e3172466668706f742f7a77573856524f6a377978656a51566c656a5972516862322b674645615256737462765a427072364c7967655231223b);

-- --------------------------------------------------------

--
-- Struktur dari tabel `contacts`
--

CREATE TABLE `contacts` (
  `id` int(10) NOT NULL,
  `parent_id` int(10) DEFAULT NULL,
  `name` varchar(32) NOT NULL,
  `subject` varchar(128) DEFAULT NULL,
  `email` varchar(64) NOT NULL,
  `message` mediumtext NOT NULL,
  `contact_date` datetime DEFAULT NULL,
  `status` tinyint(1) DEFAULT 1,
  `reply_at` datetime DEFAULT NULL
) ENGINE=InnoDB DEFAULT CHARSET=utf8mb4;

-- --------------------------------------------------------

--
-- Struktur dari tabel `coupons`
--

CREATE TABLE `coupons` (
  `id` bigint(20) NOT NULL,
  `name` varchar(191) NOT NULL,
  `code` varchar(32) NOT NULL,
  `credit` decimal(8,2) NOT NULL,
  `start_date` date NOT NULL,
  `expired_date` date NOT NULL,
  `is_active` tinyint(4) DEFAULT 1
) ENGINE=InnoDB DEFAULT CHARSET=utf8mb4;

--
-- Dumping data untuk tabel `coupons`
--

INSERT INTO `coupons` (`id`, `name`, `code`, `credit`, `start_date`, `expired_date`, `is_active`) VALUES
(4, 'BELANJADARIRUMAH', '#DIRUMAHAJA', '15000.00', '2020-10-12', '2020-10-31', 1),
(5, 'BAYARTANPABERSENTUHAN', '#TRANSFERPAY', '35000.00', '2020-10-12', '2020-11-30', 1);

-- --------------------------------------------------------

--
-- Struktur dari tabel `customers`
--

CREATE TABLE `customers` (
  `id` bigint(20) NOT NULL,
  `user_id` bigint(20) UNSIGNED DEFAULT NULL,
  `name` varchar(191) NOT NULL,
  `phone_number` varchar(32) DEFAULT NULL,
  `address` varchar(191) NOT NULL,
  `profile_picture` varchar(191) DEFAULT NULL
) ENGINE=InnoDB DEFAULT CHARSET=utf8mb4;

--
-- Dumping data untuk tabel `customers`
--

INSERT INTO `customers` (`id`, `user_id`, `name`, `phone_number`, `address`, `profile_picture`) VALUES
(7, 8, 'sindi ovtapiani', '0831100200200', 'astana anyar', NULL),
(8, 9, 'arnold', '089100200', 'tanah abang jakarta', 'admin1.png'),
(9, 10, 'Chef juna', '0877777123', 'Bintaro Jakarta', 'juna1.jpg'),
(10, 11, 'Megawati', '0813444334', 'tanah abang jakarta', '1111.png');

-- --------------------------------------------------------

--
-- Struktur dari tabel `orders`
--

CREATE TABLE `orders` (
  `id` bigint(20) NOT NULL,
  `user_id` bigint(20) UNSIGNED DEFAULT NULL,
  `coupon_id` bigint(20) DEFAULT NULL,
  `order_number` varchar(16) NOT NULL,
  `order_status` enum('1','2','3','4','5') DEFAULT '1',
  `order_date` datetime NOT NULL,
  `total_price` decimal(8,2) DEFAULT NULL,
  `total_items` int(10) DEFAULT NULL,
  `payment_method` int(11) DEFAULT 1,
  `delivery_data` text DEFAULT NULL,
  `delivered_date` datetime DEFAULT NULL,
  `finish_date` datetime DEFAULT NULL
) ENGINE=InnoDB DEFAULT CHARSET=utf8mb4;

--
-- Dumping data untuk tabel `orders`
--

INSERT INTO `orders` (`id`, `user_id`, `coupon_id`, `order_number`, `order_status`, `order_date`, `total_price`, `total_items`, `payment_method`, `delivery_data`, `delivered_date`, `finish_date`) VALUES
(5, 7, NULL, 'TJL2932027019', '2', '2020-03-29 08:14:50', '271000.00', 2, 1, '{\"customer\":{\"name\":\"Agung Tri Saputra\",\"phone_number\":\"081328907767\",\"address\":\"Kost Indah Jaya Belakang No. 19, Jl. Medan Baru VI, Kandang Limun, Bengkulu\"},\"note\":\"\"}', NULL, NULL),
(6, 7, NULL, 'JQZ2932017914', '1', '2020-03-29 08:15:13', '350000.00', 1, 2, '{\"customer\":{\"name\":\"Agung Tri Saputra\",\"phone_number\":\"081328907767\",\"address\":\"Kost Indah Jaya Belakang No. 19, Jl. Medan Baru VI, Kandang Limun, Bengkulu\"},\"note\":\"\"}', NULL, NULL),
(7, 7, NULL, 'TIB3032037078', '2', '2020-03-30 08:49:42', '78000.00', 3, 1, '{\"customer\":{\"name\":\"Agung Tri Saputra\",\"phone_number\":\"081328907767\",\"address\":\"Kost Indah Jaya Belakang No. 19, Jl. Medan Baru VI, Kandang Limun, Bengkulu\"},\"note\":\"\"}', NULL, NULL),
(8, 7, NULL, 'GPS3032027749', '1', '2020-03-30 09:14:27', '360000.00', 2, 1, '{\"customer\":{\"name\":\"Agung Tri Saputra\",\"phone_number\":\"081328907767\",\"address\":\"Kost Indah Jaya Belakang No. 19, Jl. Medan Baru VI, Kandang Limun, Bengkulu\"},\"note\":\"\"}', NULL, NULL),
(9, 8, NULL, 'JQF12102018078', '1', '2020-10-12 05:17:25', '20000.00', 1, 1, '{\"customer\":{\"name\":\"sindi ovtapiani\",\"phone_number\":\"0831100200200\",\"address\":\"astana anyar\"},\"note\":\"\"}', NULL, NULL),
(10, 8, NULL, 'CRW12102018715', '1', '2020-10-12 05:18:26', '40000.00', 1, 2, '{\"customer\":{\"name\":\"sindi ovtapiani\",\"phone_number\":\"0831100200200\",\"address\":\"astana anyar\"},\"note\":\"\"}', NULL, NULL),
(11, 8, NULL, 'JWM12102018321', '4', '2020-10-12 11:53:53', '65000.00', 1, 2, '{\"customer\":{\"name\":\"sindi ovtapiani\",\"phone_number\":\"0831100200200\",\"address\":\"astana anyar\"},\"note\":\"\"}', NULL, NULL),
(12, 9, NULL, 'PMH13102039301', '3', '2020-10-13 18:36:20', '79000.00', 3, 2, '{\"customer\":{\"name\":\"arnold\",\"phone_number\":\"089100200\",\"address\":\"tanah abang jakarta\"},\"note\":\"\"}', NULL, NULL),
(13, 10, NULL, 'IHL131020110286', '5', '2020-10-13 18:53:05', '125000.00', 1, 1, '{\"customer\":{\"name\":\"Chef juna\",\"phone_number\":\"0877777123\",\"address\":\"Bintaro Jakarta\"},\"note\":\"\"}', NULL, NULL),
(14, 10, NULL, 'IJW131020110045', '3', '2020-10-13 18:55:01', '125000.00', 1, 2, '{\"customer\":{\"name\":\"Chef juna\",\"phone_number\":\"0877777123\",\"address\":\"Bintaro Jakarta\"},\"note\":\"\"}', NULL, NULL),
(15, 11, NULL, 'JWK131020211843', '3', '2020-10-13 19:02:43', '53000.00', 2, 2, '{\"customer\":{\"name\":\"Megawati\",\"phone_number\":\"0813444334\",\"address\":\"tanah abang jakarta\"},\"note\":\"\"}', NULL, NULL),
(16, 10, NULL, 'QMH131020110750', '5', '2020-10-13 19:24:50', '130000.00', 1, 1, '{\"customer\":{\"name\":\"Chef juna\",\"phone_number\":\"0877777123\",\"address\":\"Bintaro Jakarta\"},\"note\":\"\"}', NULL, NULL);

-- --------------------------------------------------------

--
-- Struktur dari tabel `order_item`
--

CREATE TABLE `order_item` (
  `id` bigint(20) NOT NULL,
  `order_id` bigint(20) DEFAULT NULL,
  `product_id` bigint(20) DEFAULT NULL,
  `order_qty` int(10) NOT NULL,
  `order_price` decimal(8,2) DEFAULT NULL
) ENGINE=InnoDB DEFAULT CHARSET=utf8mb4;

--
-- Dumping data untuk tabel `order_item`
--

INSERT INTO `order_item` (`id`, `order_id`, `product_id`, `order_qty`, `order_price`) VALUES
(3, 4, 2, 1, '31000.00'),
(4, 4, 8, 13, '20000.00'),
(5, 5, 2, 1, '31000.00'),
(6, 5, 13, 12, '20000.00'),
(7, 6, 9, 10, '35000.00'),
(8, 7, 10, 1, '12000.00'),
(9, 7, 9, 1, '35000.00'),
(10, 7, 2, 1, '31000.00'),
(11, 8, 9, 1, '35000.00'),
(12, 8, 1, 5, '65000.00'),
(13, 9, 13, 1, '20000.00'),
(14, 10, 8, 2, '20000.00'),
(15, 11, 1, 1, '65000.00'),
(16, 12, 15, 1, '19000.00'),
(17, 12, 28, 1, '25000.00'),
(18, 12, 9, 1, '35000.00'),
(19, 13, 24, 5, '25000.00'),
(20, 14, 24, 5, '25000.00'),
(21, 15, 30, 1, '5000.00'),
(22, 15, 31, 1, '48000.00'),
(23, 16, 1, 2, '65000.00');

-- --------------------------------------------------------

--
-- Struktur dari tabel `payments`
--

CREATE TABLE `payments` (
  `id` bigint(20) NOT NULL,
  `order_id` bigint(20) DEFAULT NULL,
  `payment_price` decimal(8,2) DEFAULT NULL,
  `payment_date` datetime NOT NULL,
  `picture_name` varchar(191) DEFAULT NULL,
  `payment_status` enum('1','2','3') DEFAULT '1',
  `confirmed_date` datetime DEFAULT NULL,
  `payment_data` text DEFAULT NULL
) ENGINE=InnoDB DEFAULT CHARSET=utf8mb4;

--
-- Dumping data untuk tabel `payments`
--

INSERT INTO `payments` (`id`, `order_id`, `payment_price`, `payment_date`, `picture_name`, `payment_status`, `confirmed_date`, `payment_data`) VALUES
(4, 5, '271000.00', '2020-03-29 08:20:39', 'category-1.jpg', '1', NULL, '{\"transfer_to\":\"bri\",\"source\":{\"bank\":\"Bank BRI\",\"name\":\"Agung Tri Saputra\",\"number\":\"12-345-678-9\"}}'),
(5, 7, '78000.00', '2020-03-30 08:51:08', 'html5.jpg', '2', NULL, '{\"transfer_to\":\"btn\",\"source\":{\"bank\":\"BANK BCA\",\"name\":\"MMS\",\"number\":\"123-456\"}}');

-- --------------------------------------------------------

--
-- Struktur dari tabel `products`
--

CREATE TABLE `products` (
  `id` bigint(20) NOT NULL,
  `category_id` int(10) DEFAULT NULL,
  `sku` varchar(32) DEFAULT NULL,
  `name` varchar(191) NOT NULL,
  `description` varchar(191) DEFAULT NULL,
  `picture_name` varchar(191) DEFAULT NULL,
  `price` decimal(8,2) NOT NULL,
  `current_discount` decimal(8,2) DEFAULT 0.00,
  `stock` int(10) NOT NULL,
  `product_unit` varchar(32) DEFAULT NULL,
  `is_available` tinyint(1) DEFAULT 1,
  `add_date` datetime DEFAULT NULL
) ENGINE=InnoDB DEFAULT CHARSET=utf8mb4;

--
-- Dumping data untuk tabel `products`
--

INSERT INTO `products` (`id`, `category_id`, `sku`, `name`, `description`, `picture_name`, `price`, `current_discount`, `stock`, `product_unit`, `is_available`, `add_date`) VALUES
(1, 2, 'SB750372', 'Strawberry', NULL, 'category-2.jpg', '70000.00', '5000.00', 50, 'Kg', 1, '2020-03-26 15:02:52'),
(2, 1, 'BS350420', 'Brokoli', NULL, 'product-6.jpg', '33000.00', '2000.00', 10, 'Kg', 1, '2020-03-26 15:03:40'),
(4, 1, 'TS120790', 'Tomat', NULL, 'product-5.jpg', '10000.00', '0.00', 20, 'Kg', 1, '2020-03-26 19:36:30'),
(5, 1, 'WS120811', 'Wortel', NULL, 'product-7.jpg', '12000.00', '0.00', 20, 'Kg', 1, '2020-03-26 19:36:51'),
(8, 1, 'PS220885', 'Paprika', NULL, 'product-12.jpg', '20000.00', '0.00', 20, 'Kg', 1, '2020-03-26 19:38:05'),
(9, 2, 'AB450163', 'Apel', NULL, 'product-10.jpg', '40000.00', '5000.00', 50, 'Kg', 1, '2020-03-26 19:42:43'),
(10, 1, 'BMS120283', 'Bawang Merah', NULL, 'product-9.jpg', '12000.00', '0.00', 20, 'Kg', 1, '2020-03-26 19:44:42'),
(11, 1, 'URS13301', 'Ubi Rambat', NULL, 'product-4.jpg', '15000.00', '0.00', 3, 'Kg', 1, '2020-03-26 19:45:01'),
(12, 1, 'BPS15347', 'Bawang Putih', NULL, 'product-111.jpg', '15000.00', '0.00', 5, 'Kg', 1, '2020-03-26 19:45:47'),
(13, 1, 'KPS223370', 'Kacang Polong', NULL, 'product-3.jpg', '20000.00', '0.00', 23, 'Kg', 1, '2020-03-26 19:46:10'),
(14, 1, 'CMS410424', 'Cabai Merah', NULL, 'product-121.jpg', '40000.00', '7000.00', 10, 'Kg', 1, '2020-03-26 19:47:04'),
(15, 2, 'PB1100727', 'Pisang', NULL, 'product-21.jpg', '19000.00', '0.00', 100, 'kg', 1, '2020-10-13 12:42:07'),
(16, 10, 'DAD450873', 'Daging Ayam', NULL, 'product-27.jpg', '42000.00', '0.00', 50, 'kg', 1, '2020-10-13 12:44:33'),
(17, 10, 'DSD1100936', 'Daging Sapi', NULL, 'product-28.jpg', '140000.00', '0.00', 100, 'kg', 1, '2020-10-13 12:45:36'),
(18, 10, 'ISD240104', 'Ikan Salmon', NULL, 'product-29.jpg', '235000.00', '0.00', 40, 'kg', 1, '2020-10-13 12:48:24'),
(19, 11, 'BMS1100160', 'Beras Berlian SAE', NULL, 'product-30.jpg', '13000.00', '0.00', 100, 'kg', 1, '2020-10-13 12:49:20'),
(20, 11, 'BMS1100524', 'Beras Maknyus', NULL, 'product-31.jpg', '140000.00', '0.00', 100, 'kg', 1, '2020-10-13 18:12:04'),
(21, 11, 'BSRS1200571', 'Beras Super Rojolele', NULL, 'product-32.jpg', '13500.00', '0.00', 200, 'kg', 1, '2020-10-13 18:12:51'),
(22, 11, 'TSBS170617', 'Tepung Segitiga Biru', NULL, 'product-36.jpg', '11000.00', '0.00', 70, 'kg', 1, '2020-10-13 18:13:37'),
(23, 11, 'TTPS150647', 'Tepung Terigu Payung', NULL, 'product-37.jpg', '10000.00', '0.00', 50, 'kg', 1, '2020-10-13 18:14:07'),
(24, 11, 'B2LS21000728', 'Bimoli 2 Liter', NULL, 'product-33.jpg', '25000.00', '0.00', 1000, 'pcs', 1, '2020-10-13 18:15:28'),
(25, 11, 'T2LS21000750', 'Tropical 2 Liter', NULL, 'product-34.jpg', '23500.00', '0.00', 1000, 'pcs', 1, '2020-10-13 18:15:50'),
(26, 11, 'ISS550806', 'Indomie Soto', NULL, 'product-38.jpg', '50000.00', '0.00', 50, 'dus', 1, '2020-10-13 18:16:46'),
(27, 11, 'IRS550826', 'Indomie Rendang', NULL, 'product-39.jpg', '55000.00', '0.00', 50, 'dus', 1, '2020-10-13 18:17:06'),
(28, 2, 'MB250864', 'Melon', NULL, 'product-24.jpg', '25000.00', '0.00', 50, 'kg', 1, '2020-10-13 18:17:44'),
(29, 2, 'KB570882', 'Kiwi', NULL, 'product-22.jpg', '50000.00', '0.00', 70, 'kg', 1, '2020-10-13 18:18:02'),
(30, 1, 'BMS5100925', 'Bayam Merah', NULL, 'product-23.jpg', '5000.00', '0.00', 100, 'pcs', 1, '2020-10-13 18:18:45'),
(31, 1, 'JS430955', 'Jengkol', NULL, 'product-25.jpg', '48000.00', '0.00', 30, 'kg', 1, '2020-10-13 18:19:15');

-- --------------------------------------------------------

--
-- Struktur dari tabel `product_category`
--

CREATE TABLE `product_category` (
  `id` int(10) NOT NULL,
  `name` varchar(191) NOT NULL
) ENGINE=InnoDB DEFAULT CHARSET=utf8mb4;

--
-- Dumping data untuk tabel `product_category`
--

INSERT INTO `product_category` (`id`, `name`) VALUES
(1, 'Sayur'),
(2, 'Buah'),
(10, 'Daging'),
(11, 'Sembako');

-- --------------------------------------------------------

--
-- Struktur dari tabel `reviews`
--

CREATE TABLE `reviews` (
  `id` bigint(20) NOT NULL,
  `user_id` bigint(20) UNSIGNED DEFAULT NULL,
  `order_id` bigint(20) DEFAULT NULL,
  `title` varchar(191) DEFAULT NULL,
  `review_text` mediumtext NOT NULL,
  `review_date` datetime NOT NULL,
  `status` tinyint(1) NOT NULL DEFAULT 1
) ENGINE=InnoDB DEFAULT CHARSET=utf8mb4;

--
-- Dumping data untuk tabel `reviews`
--

INSERT INTO `reviews` (`id`, `user_id`, `order_id`, `title`, `review_text`, `review_date`, `status`) VALUES
(2, 7, 6, 'Sangat puas', 'Pengiriman cepat dan sayur segar', '2020-03-30 08:31:31', 1),
(3, 7, 5, 'Buah segar', 'Buah segar dan kualitasnya sangat bagus', '2020-03-30 08:33:10', 1),
(4, 9, 12, 'Cocok ', 'Memudahkan saya dalam berbelanja keperluan masak tanpa keluar rumah', '2020-10-13 18:38:15', 1),
(5, 10, 14, 'Solusi Di Masa Pandemi', 'Pengiriman secepat kilat, jadi gaperlu repot repot antri ke pasar', '2020-10-13 18:57:08', 1),
(6, 11, 15, 'good', 'menawarkan kemudahan transaksi bagi penyedia barang ataupun pembeli', '2020-10-13 19:04:39', 1);

-- --------------------------------------------------------

--
-- Struktur dari tabel `roles`
--

CREATE TABLE `roles` (
  `id` int(10) NOT NULL,
  `role_name` varchar(191) NOT NULL
) ENGINE=InnoDB DEFAULT CHARSET=utf8mb4;

--
-- Dumping data untuk tabel `roles`
--

INSERT INTO `roles` (`id`, `role_name`) VALUES
(1, 'Admin'),
(2, 'Customer');

-- --------------------------------------------------------

--
-- Struktur dari tabel `settings`
--

CREATE TABLE `settings` (
  `id` int(10) NOT NULL,
  `key` varchar(32) NOT NULL,
  `content` varchar(191) NOT NULL
) ENGINE=InnoDB DEFAULT CHARSET=utf8mb4;

--
-- Dumping data untuk tabel `settings`
--

INSERT INTO `settings` (`id`, `key`, `content`) VALUES
(1, 'current_theme_name', 'vegefoods'),
(2, 'store_name', 'E-PasarCileunyi'),
(3, 'store_phone_number', '083100812111'),
(4, 'store_email', 'Epasarcileunyi@demo.com'),
(5, 'store_tagline', 'Belanja Sayur Segar 24 Jam'),
(6, 'store_logo', 'Logo.png'),
(7, 'max_product_image_size', '20000'),
(8, 'store_description', 'Belanja sayur dan buah dengan murah, mudah dan cepat'),
(9, 'store_address', 'Pasar Sehat Cileunyi, Jl. Raya Cileunyi, Cileunyi Wetan, Bandung, Jawa Barat 40622'),
(10, 'min_shop_to_free_shipping_cost', '20000'),
(11, 'shipping_cost', '3000'),
(12, 'payment_banks', '{\"bca\":{\"bank\":\"BCA\",\"number\":\"001002003\",\"name\":\"Mochamad Wildan \"}}');

-- --------------------------------------------------------

--
-- Struktur dari tabel `users`
--

CREATE TABLE `users` (
  `id` bigint(20) UNSIGNED NOT NULL,
  `name` varchar(50) COLLATE utf8mb4_unicode_ci DEFAULT NULL,
  `email` varchar(191) COLLATE utf8mb4_unicode_ci NOT NULL,
  `email_verified_at` timestamp NULL DEFAULT NULL,
  `username` varchar(16) COLLATE utf8mb4_unicode_ci NOT NULL,
  `password` varchar(191) COLLATE utf8mb4_unicode_ci NOT NULL,
  `profile_picture` varchar(128) COLLATE utf8mb4_unicode_ci DEFAULT NULL,
  `role_id` int(10) DEFAULT 0,
  `register_date` datetime DEFAULT NULL
) ENGINE=InnoDB DEFAULT CHARSET=utf8mb4 COLLATE=utf8mb4_unicode_ci;

--
-- Dumping data untuk tabel `users`
--

INSERT INTO `users` (`id`, `name`, `email`, `email_verified_at`, `username`, `password`, `profile_picture`, `role_id`, `register_date`) VALUES
(1, 'Wildan Firdaus', 'mochammadwildanf@gmail.com', NULL, 'wfirdaus', '$2y$10$kK8XUQh/icjpfn5MAeb5r.oQbhNDKvr/GZAfaoV7zvZzwc7O9oe4K', 'IMG_20180510_170514_HDR.jpg', 1, NULL),
(7, NULL, 'agungtri@gmail.com', NULL, 'agungtria', '$2y$10$tin9aX4Uz.wlBhZYuD4Fju9q1.O07BwUKxp6yvveTeIrrsa46fqDC', NULL, 2, '2020-03-29 08:14:30'),
(8, NULL, 'sindi@demo.com', NULL, 'sindi', '$2y$10$oqxGsv1cutiF9ge4aLdppu4EEpdgHLW.E.cEY1.N7Ro95W9navViC', NULL, 2, '2020-10-12 05:16:28'),
(9, NULL, 'arnold@demo.com', NULL, 'Arnold', '$2y$10$jgxPQoXYTQektORTTsZ.ee64KYd03zNkgk1UQZGRIpmJ2qKOov2Vu', NULL, 2, '2020-10-13 18:35:22'),
(10, NULL, 'juna@demo.com', NULL, 'Juna', '$2y$10$EIgeRurDwWYlzxdg15IHo.p9LP8A1tA8HvJRAneuOO9ilp92JfyCW', NULL, 2, '2020-10-13 18:52:14'),
(11, NULL, 'megawati@demo.com', NULL, 'Megawati', '$2y$10$8rBxmWX78lzg2ihJsytFKOlfD/Bl8vIkCz/zkyFQHk5kKyEgmu5G2', NULL, 2, '2020-10-13 19:01:55');

--
-- Indexes for dumped tables
--

--
-- Indeks untuk tabel `ci_sessions`
--
ALTER TABLE `ci_sessions`
  ADD KEY `ci_sessions_timestamp` (`timestamp`);

--
-- Indeks untuk tabel `contacts`
--
ALTER TABLE `contacts`
  ADD PRIMARY KEY (`id`),
  ADD KEY `FK_contacts_contacts` (`parent_id`);

--
-- Indeks untuk tabel `coupons`
--
ALTER TABLE `coupons`
  ADD PRIMARY KEY (`id`);

--
-- Indeks untuk tabel `customers`
--
ALTER TABLE `customers`
  ADD PRIMARY KEY (`id`),
  ADD KEY `FK_customers_users` (`user_id`);

--
-- Indeks untuk tabel `orders`
--
ALTER TABLE `orders`
  ADD PRIMARY KEY (`id`),
  ADD KEY `FK_orders_users` (`user_id`),
  ADD KEY `FK_orders_coupons` (`coupon_id`);

--
-- Indeks untuk tabel `order_item`
--
ALTER TABLE `order_item`
  ADD PRIMARY KEY (`id`),
  ADD KEY `order_id` (`order_id`),
  ADD KEY `product_id` (`product_id`);

--
-- Indeks untuk tabel `payments`
--
ALTER TABLE `payments`
  ADD PRIMARY KEY (`id`),
  ADD KEY `order_id` (`order_id`);

--
-- Indeks untuk tabel `products`
--
ALTER TABLE `products`
  ADD PRIMARY KEY (`id`),
  ADD KEY `FK_products_product_category` (`category_id`);

--
-- Indeks untuk tabel `product_category`
--
ALTER TABLE `product_category`
  ADD PRIMARY KEY (`id`);

--
-- Indeks untuk tabel `reviews`
--
ALTER TABLE `reviews`
  ADD PRIMARY KEY (`id`),
  ADD KEY `FK_reviews_users` (`user_id`),
  ADD KEY `FK_reviews_orders` (`order_id`);

--
-- Indeks untuk tabel `roles`
--
ALTER TABLE `roles`
  ADD PRIMARY KEY (`id`);

--
-- Indeks untuk tabel `settings`
--
ALTER TABLE `settings`
  ADD PRIMARY KEY (`id`) USING BTREE;

--
-- Indeks untuk tabel `users`
--
ALTER TABLE `users`
  ADD PRIMARY KEY (`id`) USING BTREE,
  ADD UNIQUE KEY `users_email_unique` (`email`) USING BTREE,
  ADD KEY `role_id` (`role_id`);

--
-- AUTO_INCREMENT untuk tabel yang dibuang
--

--
-- AUTO_INCREMENT untuk tabel `contacts`
--
ALTER TABLE `contacts`
  MODIFY `id` int(10) NOT NULL AUTO_INCREMENT, AUTO_INCREMENT=3;

--
-- AUTO_INCREMENT untuk tabel `coupons`
--
ALTER TABLE `coupons`
  MODIFY `id` bigint(20) NOT NULL AUTO_INCREMENT, AUTO_INCREMENT=6;

--
-- AUTO_INCREMENT untuk tabel `customers`
--
ALTER TABLE `customers`
  MODIFY `id` bigint(20) NOT NULL AUTO_INCREMENT, AUTO_INCREMENT=11;

--
-- AUTO_INCREMENT untuk tabel `orders`
--
ALTER TABLE `orders`
  MODIFY `id` bigint(20) NOT NULL AUTO_INCREMENT, AUTO_INCREMENT=17;

--
-- AUTO_INCREMENT untuk tabel `order_item`
--
ALTER TABLE `order_item`
  MODIFY `id` bigint(20) NOT NULL AUTO_INCREMENT, AUTO_INCREMENT=24;

--
-- AUTO_INCREMENT untuk tabel `payments`
--
ALTER TABLE `payments`
  MODIFY `id` bigint(20) NOT NULL AUTO_INCREMENT, AUTO_INCREMENT=6;

--
-- AUTO_INCREMENT untuk tabel `products`
--
ALTER TABLE `products`
  MODIFY `id` bigint(20) NOT NULL AUTO_INCREMENT, AUTO_INCREMENT=32;

--
-- AUTO_INCREMENT untuk tabel `product_category`
--
ALTER TABLE `product_category`
  MODIFY `id` int(10) NOT NULL AUTO_INCREMENT, AUTO_INCREMENT=12;

--
-- AUTO_INCREMENT untuk tabel `reviews`
--
ALTER TABLE `reviews`
  MODIFY `id` bigint(20) NOT NULL AUTO_INCREMENT, AUTO_INCREMENT=7;

--
-- AUTO_INCREMENT untuk tabel `roles`
--
ALTER TABLE `roles`
  MODIFY `id` int(10) NOT NULL AUTO_INCREMENT, AUTO_INCREMENT=3;

--
-- AUTO_INCREMENT untuk tabel `settings`
--
ALTER TABLE `settings`
  MODIFY `id` int(10) NOT NULL AUTO_INCREMENT, AUTO_INCREMENT=13;

--
-- AUTO_INCREMENT untuk tabel `users`
--
ALTER TABLE `users`
  MODIFY `id` bigint(20) UNSIGNED NOT NULL AUTO_INCREMENT, AUTO_INCREMENT=12;

--
-- Ketidakleluasaan untuk tabel pelimpahan (Dumped Tables)
--

--
-- Ketidakleluasaan untuk tabel `contacts`
--
ALTER TABLE `contacts`
  ADD CONSTRAINT `FK_contacts_contacts` FOREIGN KEY (`parent_id`) REFERENCES `contacts` (`id`) ON DELETE CASCADE ON UPDATE NO ACTION;

--
-- Ketidakleluasaan untuk tabel `customers`
--
ALTER TABLE `customers`
  ADD CONSTRAINT `FK_customers_users` FOREIGN KEY (`user_id`) REFERENCES `users` (`id`) ON DELETE NO ACTION ON UPDATE CASCADE;

--
-- Ketidakleluasaan untuk tabel `orders`
--
ALTER TABLE `orders`
  ADD CONSTRAINT `FK_orders_coupons` FOREIGN KEY (`coupon_id`) REFERENCES `coupons` (`id`) ON DELETE SET NULL ON UPDATE CASCADE,
  ADD CONSTRAINT `FK_orders_users` FOREIGN KEY (`user_id`) REFERENCES `users` (`id`) ON DELETE NO ACTION ON UPDATE CASCADE;

--
-- Ketidakleluasaan untuk tabel `payments`
--
ALTER TABLE `payments`
  ADD CONSTRAINT `FK_payments_orders` FOREIGN KEY (`order_id`) REFERENCES `orders` (`id`) ON DELETE NO ACTION ON UPDATE NO ACTION;
COMMIT;

/*!40101 SET CHARACTER_SET_CLIENT=@OLD_CHARACTER_SET_CLIENT */;
/*!40101 SET CHARACTER_SET_RESULTS=@OLD_CHARACTER_SET_RESULTS */;
/*!40101 SET COLLATION_CONNECTION=@OLD_COLLATION_CONNECTION */;
